{
  "info": {
    "name": "Tournament Backend",
    "_postman_id": "e8d3e4b0-0000-4a00-8000-000000000001",
    "schema": "https://schema.getpostman.com/json/collection/v2.1.0/collection.json"
  },
  "item": [
    {
      "name": "Auth - Register",
      "request": {
        "method": "POST",
        "header": [
          {
            "key": "Content-Type",
            "value": "application/json"
          }
        ],
        "url": {
          "raw": "http://localhost:8080/auth/register",
          "protocol": "http",
          "host": [
            "localhost"
          ],
          "port": "8080",
          "path": [
            "auth",
            "register"
          ]
        },
        "body": {
          "mode": "raw",
          "raw": "{\"email\": \"user1@example.com\", \"password\": \"pass123\"}"
        }
      }
    },
    {
      "name": "Auth - Login",
      "request": {
        "method": "POST",
        "header": [
          {
            "key": "Content-Type",
            "value": "application/json"
          }
        ],
        "url": {
          "raw": "http://localhost:8080/auth/login",
          "protocol": "http",
          "host": [
            "localhost"
          ],
          "port": "8080",
          "path": [
            "auth",
            "login"
          ]
        },
        "body": {
          "mode": "raw",
          "raw": "{\"email\": \"admin@example.com\", \"password\": \"admin123\"}"
        }
      }
    },
    {
      "name": "Players - List",
      "request": {
        "method": "GET",
        "header": [
          {
            "key": "Authorization",
            "value": "Bearer {{token}}"
          }
        ],
        "url": {
          "raw": "http://localhost:8080/players",
          "protocol": "http",
          "host": [
            "localhost"
          ],
          "port": "8080",
          "path": [
            "players"
          ]
        }
      }
    }
  ],
  "variable": [
    {
      "key": "token",
      "value": ""
    }
  ]
}